i,label_name,true_idx,pred_idx,latency_ms
0,happy,0,2,678.9
1,happy,0,1,74.9
2,happy,0,2,73.6
3,happy,0,1,73.0
4,happy,0,0,73.0
5,happy,0,2,68.3
6,happy,0,0,66.8
7,happy,0,0,66.8
8,happy,0,2,67.7
9,happy,0,0,66.7
10,happy,0,0,67.0
11,happy,0,2,66.7
12,happy,0,2,66.9
13,happy,0,3,67.1
14,happy,0,0,67.0
15,happy,0,1,66.7
16,happy,0,2,66.7
17,happy,0,2,66.8
18,happy,0,2,66.7
19,happy,0,2,66.7
20,happy,0,3,68.4
21,happy,0,1,66.7
22,happy,0,2,67.6
23,happy,0,2,66.8
24,happy,0,2,66.8
25,happy,0,0,67.1
26,happy,0,1,66.8
27,happy,0,2,66.9
28,happy,0,2,66.9
29,happy,0,2,66.8
30,happy,0,1,66.9
31,happy,0,2,66.9
32,happy,0,1,66.8
33,happy,0,2,67.3
34,happy,0,3,67.1
35,happy,0,2,67.1
36,happy,0,0,67.1
37,happy,0,2,68.6
38,happy,0,2,67.3
39,happy,0,2,66.9
40,happy,0,0,67.9
41,happy,0,2,67.6
42,happy,0,3,67.4
43,happy,0,0,66.9
44,happy,0,0,68.1
45,happy,0,2,67.3
46,happy,0,0,67.1
47,happy,0,3,67.0
48,happy,0,1,67.5
49,happy,0,2,67.1
50,happy,0,2,67.0
51,happy,0,0,67.2
52,happy,0,2,67.5
53,happy,0,0,67.1
54,happy,0,0,67.4
55,happy,0,2,67.0
56,happy,0,2,67.1
57,happy,0,2,67.3
58,happy,0,3,67.1
59,happy,0,0,67.1
60,happy,0,0,66.9
61,happy,0,2,67.1
62,happy,0,1,67.3
63,happy,0,1,67.2
64,happy,0,0,67.0
65,happy,0,0,67.4
66,happy,0,1,68.3
67,happy,0,0,67.4
68,happy,0,2,67.0
69,happy,0,1,67.2
70,happy,0,0,67.1
71,happy,0,2,67.0
72,happy,0,2,66.9
73,happy,0,3,67.0
74,happy,0,2,66.9
75,happy,0,2,67.4
76,happy,0,3,67.7
77,happy,0,2,67.0
78,happy,0,1,67.1
79,happy,0,1,67.0
80,happy,0,1,67.0
81,happy,0,2,67.2
82,happy,0,1,67.1
83,happy,0,1,67.6
84,happy,0,0,67.0
85,happy,0,2,67.1
86,happy,0,3,67.2
87,happy,0,3,67.2
88,happy,0,2,67.6
89,happy,0,0,67.7
90,happy,0,2,67.2
91,happy,0,1,67.2
92,happy,0,2,68.9
93,happy,0,2,67.0
94,happy,0,2,67.1
95,happy,0,2,67.6
96,happy,0,0,68.0
97,happy,0,1,67.5
98,happy,0,2,67.1
99,happy,0,3,67.2
100,neutral,1,2,67.2
101,neutral,1,1,67.4
102,neutral,1,1,67.0
103,neutral,1,1,67.2
104,neutral,1,2,69.1
105,neutral,1,0,67.5
106,neutral,1,1,67.5
107,neutral,1,1,66.9
108,neutral,1,2,67.0
109,neutral,1,1,67.8
110,neutral,1,1,67.4
111,neutral,1,1,67.2
112,neutral,1,2,66.9
113,neutral,1,2,67.3
114,neutral,1,3,69.7
115,neutral,1,1,67.3
116,neutral,1,2,66.9
117,neutral,1,2,67.3
118,neutral,1,1,67.0
119,neutral,1,3,67.3
120,neutral,1,1,67.0
121,neutral,1,1,67.2
122,neutral,1,1,68.1
123,neutral,1,0,67.0
124,neutral,1,2,67.6
125,neutral,1,1,67.5
126,neutral,1,1,67.0
127,neutral,1,2,67.2
128,neutral,1,2,67.2
129,neutral,1,2,67.0
130,neutral,1,0,67.1
131,neutral,1,1,67.0
132,neutral,1,3,67.2
133,neutral,1,2,67.2
134,neutral,1,0,67.0
135,neutral,1,3,68.9
136,neutral,1,1,67.2
137,neutral,1,1,67.2
138,neutral,1,1,67.9
139,neutral,1,2,67.1
140,neutral,1,1,67.2
141,neutral,1,1,67.2
142,neutral,1,3,67.0
143,neutral,1,1,67.1
144,neutral,1,1,66.8
145,neutral,1,2,67.0
146,neutral,1,2,67.1
147,neutral,1,1,67.0
148,neutral,1,1,67.7
149,neutral,1,2,67.1
150,neutral,1,2,66.9
151,neutral,1,1,67.3
152,neutral,1,0,67.1
153,neutral,1,1,69.2
154,neutral,1,2,67.1
155,neutral,1,2,67.2
156,neutral,1,1,67.4
157,neutral,1,1,67.0
158,neutral,1,0,67.0
159,neutral,1,2,67.3
160,neutral,1,1,67.3
161,neutral,1,1,67.2
162,neutral,1,1,67.0
163,neutral,1,2,67.0
164,neutral,1,1,67.3
165,neutral,1,1,67.0
166,neutral,1,2,67.3
167,neutral,1,1,67.5
168,neutral,1,2,67.2
169,neutral,1,1,87.6
170,neutral,1,2,67.3
171,neutral,1,1,67.5
172,neutral,1,1,67.6
173,neutral,1,1,68.4
174,neutral,1,3,67.2
175,neutral,1,1,67.1
176,neutral,1,1,67.1
177,neutral,1,2,67.1
178,neutral,1,1,67.1
179,neutral,1,0,67.1
180,neutral,1,2,67.2
181,neutral,1,1,67.2
182,neutral,1,1,67.1
183,neutral,1,2,67.1
184,neutral,1,2,67.0
185,neutral,1,2,67.3
186,neutral,1,0,67.5
187,neutral,1,1,67.0
188,neutral,1,1,67.2
189,neutral,1,2,67.1
190,neutral,1,3,67.2
191,neutral,1,1,67.0
192,neutral,1,1,67.2
193,neutral,1,1,68.0
194,neutral,1,1,67.2
195,neutral,1,1,67.1
196,neutral,1,3,68.5
197,neutral,1,1,67.2
198,neutral,1,2,67.4
199,neutral,1,0,67.1
200,sad,2,2,67.2
201,sad,2,0,67.3
202,sad,2,1,67.1
203,sad,2,1,67.2
204,sad,2,1,66.9
205,sad,2,2,67.1
206,sad,2,2,67.8
207,sad,2,3,67.2
208,sad,2,0,67.1
209,sad,2,2,67.3
210,sad,2,1,67.0
211,sad,2,2,67.2
212,sad,2,2,67.1
213,sad,2,0,67.5
214,sad,2,1,67.5
215,sad,2,2,67.0
216,sad,2,2,67.0
217,sad,2,2,67.2
218,sad,2,1,67.2
219,sad,2,0,67.2
220,sad,2,2,67.2
221,sad,2,1,67.1
222,sad,2,1,67.2
223,sad,2,1,67.2
224,sad,2,2,67.0
225,sad,2,0,67.7
226,sad,2,0,67.1
227,sad,2,1,68.5
228,sad,2,1,67.1
229,sad,2,1,67.2
230,sad,2,1,67.1
231,sad,2,2,68.1
232,sad,2,2,67.5
233,sad,2,2,67.0
234,sad,2,0,67.2
235,sad,2,1,67.9
236,sad,2,1,67.4
237,sad,2,3,67.2
238,sad,2,2,67.1
239,sad,2,2,68.0
240,sad,2,1,68.8
241,sad,2,2,67.1
242,sad,2,2,67.1
243,sad,2,1,67.7
244,sad,2,0,67.1
245,sad,2,2,67.1
246,sad,2,2,67.1
247,sad,2,2,67.1
248,sad,2,0,67.2
249,sad,2,0,67.0
250,sad,2,0,68.0
251,sad,2,1,67.1
252,sad,2,1,67.1
253,sad,2,2,68.7
254,sad,2,0,67.6
255,sad,2,2,67.2
256,sad,2,1,67.7
257,sad,2,1,67.4
258,sad,2,2,67.1
259,sad,2,2,67.0
260,sad,2,2,67.0
261,sad,2,2,67.3
262,sad,2,3,67.7
263,sad,2,0,67.2
264,sad,2,1,67.8
265,sad,2,2,67.1
266,sad,2,2,67.2
267,sad,2,1,67.2
268,sad,2,1,67.3
269,sad,2,2,67.6
270,sad,2,1,71.6
271,sad,2,0,67.0
272,sad,2,0,67.5
273,sad,2,1,67.2
274,sad,2,2,69.0
275,sad,2,0,67.1
276,sad,2,2,67.0
277,sad,2,2,67.0
278,sad,2,2,67.1
279,sad,2,2,67.0
280,sad,2,1,67.1
281,sad,2,2,67.4
282,sad,2,0,67.2
283,sad,2,2,67.2
284,sad,2,0,67.2
285,sad,2,3,67.1
286,sad,2,2,67.1
287,sad,2,2,67.4
288,sad,2,2,67.1
289,sad,2,2,67.2
290,sad,2,3,67.2
291,sad,2,2,67.3
292,sad,2,1,67.1
293,sad,2,0,67.4
294,sad,2,1,67.0
295,sad,2,1,67.4
296,sad,2,0,67.1
297,sad,2,2,67.5
298,sad,2,2,67.5
299,sad,2,0,67.3
300,angry,3,3,67.3
301,angry,3,3,67.1
302,angry,3,3,67.0
303,angry,3,3,68.2
304,angry,3,3,67.3
305,angry,3,2,67.0
306,angry,3,2,67.0
307,angry,3,1,67.1
308,angry,3,3,67.4
309,angry,3,2,67.2
310,angry,3,2,67.3
311,angry,3,2,67.4
312,angry,3,3,67.6
313,angry,3,2,67.3
314,angry,3,2,67.4
315,angry,3,3,67.1
316,angry,3,2,68.5
317,angry,3,1,70.3
318,angry,3,3,67.1
319,angry,3,2,67.1
320,angry,3,2,67.0
321,angry,3,3,67.1
322,angry,3,1,67.2
323,angry,3,0,67.5
324,angry,3,2,67.4
325,angry,3,3,67.7
326,angry,3,2,69.8
327,angry,3,3,66.9
328,angry,3,3,67.2
329,angry,3,2,67.2
330,angry,3,1,67.0
331,angry,3,1,67.2
332,angry,3,2,67.2
333,angry,3,2,67.2
334,angry,3,3,68.0
335,angry,3,2,67.1
336,angry,3,2,67.1
337,angry,3,3,67.6
338,angry,3,2,67.1
339,angry,3,3,67.2
340,angry,3,3,67.2
341,angry,3,2,67.2
342,angry,3,2,67.1
343,angry,3,3,68.0
344,angry,3,2,68.5
345,angry,3,2,69.1
346,angry,3,3,67.7
347,angry,3,3,67.6
348,angry,3,1,67.2
349,angry,3,2,67.7
350,angry,3,2,68.8
351,angry,3,2,67.7
352,angry,3,2,67.4
353,angry,3,3,67.1
354,angry,3,1,67.4
355,angry,3,2,69.5
356,angry,3,3,67.2
357,angry,3,2,67.0
358,angry,3,2,67.0
359,angry,3,2,67.1
360,angry,3,3,67.5
361,angry,3,2,68.5
362,angry,3,2,68.5
363,angry,3,3,68.8
364,angry,3,2,67.6
365,angry,3,2,67.8
366,angry,3,2,68.4
367,angry,3,2,67.2
368,angry,3,1,67.1
369,angry,3,3,67.3
370,angry,3,3,67.1
371,angry,3,2,67.1
372,angry,3,2,67.1
373,angry,3,1,67.0
374,angry,3,2,67.1
375,angry,3,3,68.3
376,angry,3,3,71.3
377,angry,3,2,71.3
378,angry,3,3,68.5
379,angry,3,2,67.1
380,angry,3,3,67.4
381,angry,3,2,67.1
382,angry,3,2,67.5
383,angry,3,3,67.1
384,angry,3,2,68.0
385,angry,3,3,67.2
386,angry,3,2,67.1
387,angry,3,3,67.2
388,angry,3,3,67.1
389,angry,3,3,67.2
390,angry,3,3,67.2
391,angry,3,2,67.1
392,angry,3,3,67.6
393,angry,3,3,67.2
394,angry,3,2,68.0
395,angry,3,3,67.9
396,angry,3,3,67.6
397,angry,3,2,67.1
398,angry,3,2,67.6
399,angry,3,3,67.7
